engineer,merged_prs,weighted_pr_output,avg_cycle_time_hours,median_cycle_time_hours,complex_pr_count,bug_fix_prs,hotfix_prs,refactor_prs,infra_prs,core_area_touch_count,reviews_given,distinct_prs_reviewed,unblocks,review_response_time_hours,distinct_engineers_helped,weighted_pr_output_norm,merged_prs_norm,avg_cycle_time_hours_inv_norm,unblocks_norm,reviews_given_norm,distinct_engineers_helped_norm,bug_fix_prs_norm,hotfix_prs_norm,core_area_touch_count_norm,refactor_prs_norm,product_score,team_score,technical_score,impact_score,impact_rank,summary
sampennington,26.0,28.742623146107572,13.809658119658119,13.90986111111111,0.0,14.0,0.0,1.0,0.0,26.0,54.0,35.0,46.0,7.295443262411347,9.0,1.0,1.0,0.7157882369240659,1.0,1.0,1.0,1.0,0.0,1.0,1.0,0.9431576473848132,1.0,0.7500000000000001,0.9022630589539253,1,"Shipped 26 merged PRs (avg cycle time 14h). Reviewed 54 PRs, across 9 contributors, unblocking 46 merges. Technical: 14 bug fixes, 26 core-area touches. Strongest signal: reviewing & unblocking others."
pauldambra,22.0,24.647156868584588,12.492159090909091,6.304166666666667,0.0,13.0,0.0,2.0,0.0,20.0,32.0,22.0,25.0,8.675853174603175,10.0,1.0,1.0,0.7429032254753438,0.9940357852882707,0.8743169398907112,1.0,1.0,0.0,1.0,1.0,0.9485806450950688,0.9596111853469351,0.7500000000000001,0.8923156136421082,2,"Shipped 22 merged PRs (avg cycle time 12h). Reviewed 32 PRs, across 10 contributors, unblocking 25 merges. Technical: 13 bug fixes, 20 core-area touches. Strongest signal: reviewing & unblocking others."
jurajmajerik,23.0,26.168014771576626,6.299239130434782,1.0477777777777777,2.0,15.0,0.0,1.0,1.0,22.0,31.0,22.0,25.0,7.6137007168458775,6.0,1.0,1.0,0.8703575538376829,0.9940357852882707,0.8469945355191265,0.6666666666666666,1.0,0.0,1.0,1.0,0.9740715107675366,0.8680811307021264,0.7500000000000001,0.8750529435176526,3,"Shipped 23 merged PRs (avg cycle time 6h). including 2 complex cross-directory changes. Reviewed 31 PRs, across 6 contributors, unblocking 25 merges. Technical: 15 bug fixes, 22 core-area touches. Strongest signal: shipping code."
andrewm4894,13.0,13.921471399924554,6.133846153846154,1.0347222222222223,0.0,7.0,0.0,0.0,0.0,2.0,122.0,26.0,28.0,6.2689874551971325,7.0,0.9033029472262261,0.9774436090225577,0.873761449073128,1.0,1.0,0.7777777777777778,0.8588957055214733,0.0,0.18181818181818182,0.0,0.9196368461345059,0.9444444444444444,0.37992191857222574,0.7651646473588034,4,"Shipped 13 merged PRs (avg cycle time 6h). Reviewed 122 PRs, across 7 contributors, unblocking 28 merges. Technical: 7 bug fixes, 2 core-area touches. Strongest signal: reviewing & unblocking others."
thmsobrmlr,22.0,23.86294498381877,13.760492424242425,10.04888888888889,0.0,12.0,0.0,7.0,0.0,22.0,14.0,13.0,10.0,13.36169191919192,5.0,1.0,1.0,0.7168000989742247,0.3976143141153083,0.38251366120218616,0.5555555555555556,1.0,0.0,1.0,1.0,0.943360019794845,0.4325694286014335,0.7500000000000001,0.7321148364983681,5,"Shipped 22 merged PRs (avg cycle time 14h). Reviewed 14 PRs, across 5 contributors, unblocking 10 merges. Technical: 12 bug fixes, 22 core-area touches. Strongest signal: shipping code."
rnegron,13.0,14.680358171024679,25.97117521367521,3.922222222222222,1.0,4.0,0.0,0.0,8.0,3.0,36.0,33.0,24.0,14.148563218390805,11.0,0.9525437664796745,0.9774436090225577,0.46549629015614125,0.9542743538767399,0.98360655737705,1.0,0.49079754601227044,0.0,0.2727272727272727,0.0,0.8626042239778329,0.974505426457648,0.25086447295036274,0.7126526594135365,6,"Shipped 13 merged PRs (avg cycle time 26h). including 1 complex cross-directory change. Reviewed 36 PRs, across 11 contributors, unblocking 24 merges. Technical: 4 bug fixes, 3 core-area touches. Strongest signal: reviewing & unblocking others."
gantoine,11.0,13.468936009688884,22.751767676767678,18.156944444444445,2.0,1.0,0.0,1.0,4.0,2.0,57.0,51.0,36.0,9.019092140921408,24.0,0.873939919426861,0.8270676691729334,0.5317537951715581,1.0,1.0,1.0,0.12269938650306761,0.0,0.18181818181818182,1.0,0.7914410194996222,1.0,0.2354433909648634,0.6872094250893079,7,"Shipped 11 merged PRs (avg cycle time 23h). including 2 complex cross-directory changes. Reviewed 57 PRs, across 24 contributors, unblocking 36 merges. Technical: 1 bug fix, 2 core-area touches. Strongest signal: reviewing & unblocking others."
lucasheriques,10.0,12.776647408025095,8.930972222222222,5.329444444444444,0.0,7.0,0.0,0.0,0.0,9.0,16.0,14.0,13.0,3.3191865079365077,10.0,0.8290203619857264,0.7518796992481213,0.816194771857045,0.5168986083499008,0.4371584699453556,1.0,0.8588957055214733,0.0,0.8181818181818182,0.0,0.8033130451387085,0.613751914741062,0.507194645844953,0.6576091862312878,8,"Shipped 10 merged PRs (avg cycle time 9h). Reviewed 16 PRs, across 10 contributors, unblocking 13 merges. Technical: 7 bug fixes, 9 core-area touches. Strongest signal: shipping code."
adamleithp,18.0,21.411320904560526,2.8170524691358025,0.5,1.0,8.0,0.0,1.0,1.0,2.0,7.0,7.0,4.0,3.1738194444444443,5.0,1.0,1.0,0.942023224471373,0.15904572564612332,0.19125683060109308,0.5555555555555556,0.9815950920245409,0.0,0.18181818181818182,1.0,0.9884046448942747,0.2678365146099723,0.5790016731734527,0.6494133142927374,9,"Shipped 18 merged PRs (avg cycle time 3h). including 1 complex cross-directory change. Reviewed 7 PRs, across 5 contributors, unblocking 4 merges. Technical: 8 bug fixes, 2 core-area touches. Strongest signal: shipping code."
MattBro,10.0,11.341254194214466,14.910361111111111,11.793055555555554,0.0,4.0,0.0,0.0,1.0,10.0,34.0,10.0,26.0,21.1331045751634,2.0,0.7358840200563315,0.7518796992481213,0.6931350520940598,1.0,0.9289617486338807,0.2222222222222222,0.49079754601227044,0.0,0.9090909090909091,0.0,0.732132930221414,0.7842440801457198,0.37813720022309,0.6415675561992085,10,"Shipped 10 merged PRs (avg cycle time 15h). Reviewed 34 PRs, across 2 contributors, unblocking 26 merges. Technical: 4 bug fixes, 10 core-area touches. Strongest signal: reviewing & unblocking others."
MattPua,12.0,15.214043917644489,21.548379629629625,4.782222222222222,3.0,6.0,0.0,0.0,0.0,11.0,13.0,12.0,6.0,15.347583333333333,6.0,0.9871722833918248,0.9022556390977455,0.5565203053616075,0.23856858846918497,0.35519125683060143,0.6666666666666666,0.7361963190184057,0.0,1.0,0.0,0.8755668944975575,0.3805799085269803,0.4944785276073623,0.6127442886393257,11,"Shipped 12 merged PRs (avg cycle time 22h). including 3 complex cross-directory changes. Reviewed 13 PRs, across 6 contributors, unblocking 6 merges. Technical: 6 bug fixes, 11 core-area touches. Strongest signal: shipping code."
veryayskiy,13.0,14.974312545912998,1.2401923076923076,0.8683333333333333,1.0,2.0,0.0,0.0,0.0,7.0,15.0,12.0,14.0,0.9822619047619048,5.0,0.9716171708317534,0.9774436090225577,0.9744760341444885,0.5566600397614316,0.4098360655737709,0.5555555555555556,0.24539877300613522,0.0,0.6363636363636364,0.0,0.9739368749515417,0.5123367264536645,0.22543223647518137,0.6109054388592705,12,"Shipped 13 merged PRs (avg cycle time 1h). including 1 complex cross-directory change. Reviewed 15 PRs, across 5 contributors, unblocking 14 merges. Technical: 2 bug fixes, 7 core-area touches. Strongest signal: shipping code."
dmarticus,12.0,13.41927551770008,26.39803240740741,19.38652777777778,0.0,8.0,0.0,0.0,0.0,11.0,14.0,11.0,6.0,17.123863636363634,5.0,0.8707176688841178,0.9022556390977455,0.45671129095043483,0.23856858846918497,0.38251366120218616,0.5555555555555556,0.9815950920245409,0.0,1.0,0.0,0.7973777843614696,0.36099885206067794,0.5926380368098163,0.6050421804057361,13,"Shipped 12 merged PRs (avg cycle time 26h). Reviewed 14 PRs, across 5 contributors, unblocking 6 merges. Technical: 8 bug fixes, 11 core-area touches. Strongest signal: shipping code."
lricoy,9.0,10.593469930708599,21.275216049382717,6.395,0.0,4.0,0.0,1.0,0.0,9.0,21.0,17.0,15.0,4.519513888888889,5.0,0.6873635936078812,0.6766917293233091,0.562142189848349,0.5964214711729624,0.5737704918032792,0.5555555555555556,0.49079754601227044,0.0,0.8181818181818182,1.0,0.6591177535706032,0.5794096984577057,0.5099553820412719,0.5904566255779345,14,"Shipped 9 merged PRs (avg cycle time 21h). Reviewed 21 PRs, across 5 contributors, unblocking 15 merges. Technical: 4 bug fixes, 9 core-area touches. Strongest signal: shipping code."
posthog,15.0,16.53202692238966,10.43588888888889,3.7180555555555554,0.0,12.0,0.0,0.0,0.0,12.0,2.0,1.0,0.0,0.0,1.0,1.0,1.0,0.7852226061879445,0.0,0.05464480874316945,0.1111111111111111,1.0,0.0,1.0,0.0,0.957044521237589,0.044171220400728614,0.6000000000000001,0.5760691746152542,15,"Shipped 15 merged PRs (avg cycle time 10h). Reviewed 2 PRs, across 1 contributor. Technical: 12 bug fixes, 12 core-area touches. Strongest signal: shipping code."
eli-r-ph,9.0,10.089871344332598,20.26493827160494,13.92361111111111,0.0,1.0,0.0,1.0,1.0,6.0,49.0,22.0,16.0,17.058435672514623,5.0,0.6546872999730814,0.6766917293233091,0.5829343648559202,0.6361829025844933,1.0,0.5555555555555556,0.12269938650306761,0.0,0.5454545454545454,1.0,0.6469380417547175,0.7251711950519109,0.3081706636921361,0.568777774325101,16,"Shipped 9 merged PRs (avg cycle time 20h). Reviewed 49 PRs, across 5 contributors, unblocking 16 merges. Technical: 1 bug fix, 6 core-area touches. Strongest signal: reviewing & unblocking others."
Gilbert09,9.0,9.761366569380746,9.299135802469136,12.238611111111112,0.0,6.0,0.0,0.0,0.0,6.0,18.0,18.0,11.0,12.45122222222222,8.0,0.6333720723748331,0.6766917293233091,0.8086177254641751,0.4373757455268391,0.491803278688525,0.8888888888888888,0.7361963190184057,0.0,0.5454545454545454,0.0,0.6814171000772443,0.5665822913158574,0.40356943669827133,0.5636123584351364,17,"Shipped 9 merged PRs (avg cycle time 9h). Reviewed 18 PRs, across 8 contributors, unblocking 11 merges. Technical: 6 bug fixes, 6 core-area touches. Strongest signal: shipping code."
mendral-app,13.0,14.84048682669208,3.585747863247863,0.7972222222222223,0.0,9.0,0.0,0.0,7.0,7.0,4.0,4.0,2.0,2.0587500000000003,0.0,0.9629338094891026,0.9774436090225577,0.9262029723452221,0.07952286282306166,0.1092896174863389,0.0,1.0,0.0,0.6363636363636364,0.0,0.9599405819203629,0.06857217351627942,0.5272727272727273,0.5627297030048473,18,"Shipped 13 merged PRs (avg cycle time 4h). Reviewed 4 PRs, unblocking 2 merges. Technical: 9 bug fixes, 7 core-area touches. Strongest signal: shipping code."
tomasfarias,8.0,8.595270712966823,18.51402777777778,2.3490277777777777,0.0,6.0,0.0,0.0,0.0,3.0,32.0,9.0,27.0,18.702074652777778,1.0,0.5577092495605223,0.601503759398497,0.6189692437882518,1.0,0.8743169398907112,0.1111111111111111,0.7361963190184057,0.0,0.2727272727272727,0.0,0.5830996013574605,0.7400728597449912,0.3490239821528168,0.5599688931123266,19,"Shipped 8 merged PRs (avg cycle time 19h). Reviewed 32 PRs, across 1 contributor, unblocking 27 merges. Technical: 6 bug fixes, 3 core-area touches. Strongest signal: reviewing & unblocking others."
rafaeelaudibert,5.0,6.1779339646991085,36.52583333333333,15.806111111111111,0.0,2.0,0.0,2.0,0.0,3.0,40.0,31.0,26.0,8.304425287356322,9.0,0.40085891769399834,0.37593984962406063,0.24827454817966266,1.0,1.0,1.0,0.24539877300613522,0.0,0.2727272727272727,1.0,0.3628663233701499,1.0,0.3027049637479086,0.5359580184724325,20,"Shipped 5 merged PRs (avg cycle time 37h). Reviewed 40 PRs, across 9 contributors, unblocking 26 merges. Technical: 2 bug fixes, 3 core-area touches. Strongest signal: reviewing & unblocking others."
dmarchuk,8.0,9.463286477256935,29.42378472222222,19.491527777777776,1.0,4.0,0.0,0.0,0.0,5.0,18.0,17.0,13.0,13.408003472222223,8.0,0.6140309684074491,0.601503759398497,0.39443933659984476,0.5168986083499008,0.491803278688525,0.8888888888888888,0.49079754601227044,0.0,0.45454545454545453,0.0,0.5663544793432426,0.6023675795862351,0.2872281093139991,0.4934204984073673,21,"Shipped 8 merged PRs (avg cycle time 29h). including 1 complex cross-directory change. Reviewed 18 PRs, across 8 contributors, unblocking 13 merges. Technical: 4 bug fixes, 5 core-area touches. Strongest signal: reviewing & unblocking others."
fercgomes,9.0,10.266611074711616,16.78672839506173,9.586666666666666,0.0,1.0,0.0,1.0,0.0,8.0,12.0,9.0,11.0,2.0420202020202023,4.0,0.6661551624394153,0.6766917293233091,0.6545181906678907,0.4373757455268391,0.3278688524590167,0.4444444444444444,0.12269938650306761,0.0,0.7272727272727273,1.0,0.6669887381502786,0.40629085233589374,0.3445343000557725,0.4920430409776113,22,"Shipped 9 merged PRs (avg cycle time 17h). Reviewed 12 PRs, across 4 contributors, unblocking 11 merges. Technical: 1 bug fix, 8 core-area touches. Strongest signal: shipping code."
vdekrijger,9.0,9.708426152043996,22.21354938271605,5.634166666666666,0.0,6.0,0.0,0.0,0.0,9.0,11.0,10.0,6.0,22.026161616161616,4.0,0.6299370019261784,0.6766917293233091,0.5428306783895709,0.23856858846918497,0.30054644808743197,0.4444444444444444,0.7361963190184057,0.0,0.8181818181818182,0.0,0.6265421554379961,0.30863091034847395,0.45811489124372595,0.48064060265285846,23,"Shipped 9 merged PRs (avg cycle time 22h). Reviewed 11 PRs, across 4 contributors, unblocking 6 merges. Technical: 6 bug fixes, 9 core-area touches. Strongest signal: shipping code."
sakce,10.0,12.106998630055394,20.7385,9.160555555555556,1.0,1.0,0.0,1.0,0.0,6.0,12.0,9.0,9.0,7.371138888888889,2.0,0.7855698029629388,0.7518796992481213,0.5731881558921477,0.35785288270377746,0.3278688524590167,0.2222222222222222,0.12269938650306761,0.0,0.5454545454545454,1.0,0.7329864424343352,0.31495000850996047,0.3081706636921361,0.48013077863436304,24,"Shipped 10 merged PRs (avg cycle time 21h). including 1 complex cross-directory change. Reviewed 12 PRs, across 2 contributors, unblocking 9 merges. Technical: 1 bug fix, 6 core-area touches. Strongest signal: shipping code."
tatoalo,8.0,9.2388180753271,15.943124999999998,9.563472222222222,0.0,3.0,0.0,0.0,0.0,1.0,19.0,17.0,15.0,14.576944444444445,6.0,0.599466202715837,0.601503759398497,0.6718800982668947,0.5964214711729624,0.5191256830601098,0.6666666666666666,0.3680981595092028,0.0,0.09090909090909091,0.0,0.6145602488308465,0.5907940336125327,0.16542108198549932,0.4726886342117482,25,"Shipped 8 merged PRs (avg cycle time 16h). Reviewed 19 PRs, across 6 contributors, unblocking 15 merges. Technical: 3 bug fixes, 1 core-area touch. Strongest signal: shipping code."
webjunkie,8.0,9.569178231778743,5.674652777777778,2.2779166666666666,0.0,5.0,0.0,0.0,4.0,2.0,8.0,8.0,8.0,4.388819444444445,7.0,0.6209018178456072,0.601503759398497,0.8832119479829746,0.31809145129224664,0.2185792349726778,0.7777777777777778,0.6134969325153381,0.0,0.18181818181818182,0.0,0.6675444263389476,0.40315936801775876,0.2817624093697716,0.4724943037518382,26,"Shipped 8 merged PRs (avg cycle time 6h). Reviewed 8 PRs, across 7 contributors, unblocking 8 merges. Technical: 5 bug fixes, 2 core-area touches. Strongest signal: shipping code."
hpouillot,6.0,6.9136597375265545,23.913194444444446,21.0775,0.0,6.0,0.0,0.0,0.0,6.0,21.0,16.0,11.0,13.52936274509804,6.0,0.44859692180676236,0.45112781954887277,0.5078508754566151,0.4373757455268391,0.5737704918032792,0.6666666666666666,0.7361963190184057,0.0,0.5454545454545454,0.0,0.46120698185936604,0.535616899694728,0.40356943669827133,0.4662386936616462,27,"Shipped 6 merged PRs (avg cycle time 24h). Reviewed 21 PRs, across 6 contributors, unblocking 11 merges. Technical: 6 bug fixes, 6 core-area touches. Strongest signal: reviewing & unblocking others."
skoob13,7.0,8.719310262671987,14.35595238095238,1.3291666666666666,1.0,3.0,0.0,1.0,0.0,3.0,13.0,12.0,10.0,1.588472222222222,4.0,0.5657576294768791,0.5263157894736848,0.7045451450375486,0.3976143141153083,0.35519125683060143,0.4444444444444444,0.3680981595092028,0.0,0.2727272727272727,1.0,0.5816825805880548,0.3965949295121803,0.35178471834913566,0.4571869265936167,28,"Shipped 7 merged PRs (avg cycle time 14h). including 1 complex cross-directory change. Reviewed 13 PRs, across 4 contributors, unblocking 10 merges. Technical: 3 bug fixes, 3 core-area touches. Strongest signal: shipping code."
arthurdedeus,10.0,12.307471161673318,25.35597222222222,23.334444444444443,1.0,3.0,0.0,0.0,0.0,5.0,10.0,7.0,6.0,14.721604938271604,3.0,0.7985775823453217,0.7518796992481213,0.47815756861324843,0.23856858846918497,0.27322404371584724,0.3333333333333333,0.3680981595092028,0.0,0.45454545454545453,0.0,0.7204842146697469,0.27265641125922074,0.23814835471277204,0.4414351156594966,29,"Shipped 10 merged PRs (avg cycle time 25h). including 1 complex cross-directory change. Reviewed 10 PRs, across 3 contributors, unblocking 6 merges. Technical: 3 bug fixes, 5 core-area touches. Strongest signal: shipping code."
danielcarletti,6.0,6.484287330990529,21.419722222222223,9.495972222222223,0.0,6.0,0.0,0.0,0.0,5.0,17.0,14.0,11.0,8.989252136752135,4.0,0.4207368379736906,0.45112781954887277,0.5591681586448097,0.4373757455268391,0.46448087431694035,0.4444444444444444,0.7361963190184057,0.0,0.45454545454545453,0.0,0.457540396580469,0.44727445889327083,0.3853876185164532,0.4328147818551048,30,"Shipped 6 merged PRs (avg cycle time 21h). Reviewed 17 PRs, across 4 contributors, unblocking 11 merges. Technical: 6 bug fixes, 5 core-area touches. Strongest signal: shipping code."
TueHaulund,8.0,9.856603530089146,21.163854166666667,3.869583333333333,2.0,5.0,0.0,0.0,0.0,7.0,6.0,5.0,6.0,2.4025925925925926,2.0,0.6395515791828011,0.601503759398497,0.5644340899628876,0.23856858846918497,0.16393442622950835,0.2222222222222222,0.6134969325153381,0.0,0.6363636363636364,0.0,0.6131137354035272,0.2120917482355413,0.37267150027886253,0.42067446871573205,31,"Shipped 8 merged PRs (avg cycle time 21h). including 2 complex cross-directory changes. Reviewed 6 PRs, across 2 contributors, unblocking 6 merges. Technical: 5 bug fixes, 7 core-area touches. Strongest signal: shipping code."
z0br0wn,4.0,4.828087835288979,11.083472222222223,9.700277777777778,0.0,3.0,0.0,0.0,0.0,2.0,27.0,11.0,16.0,8.119270833333333,5.0,0.31327334918830924,0.3007518796992485,0.7718949191945018,0.6361829025844933,0.7377049180327876,0.5555555555555556,0.3680981595092028,0.0,0.18181818181818182,0.0,0.40124122234282955,0.6464826704617472,0.1836029001673175,0.40952216012585124,32,"Shipped 4 merged PRs (avg cycle time 11h). Reviewed 27 PRs, across 5 contributors, unblocking 16 merges. Technical: 3 bug fixes, 2 core-area touches. Strongest signal: reviewing & unblocking others."
andehen,8.0,9.190497746540395,9.80486111111111,2.4476388888888887,0.0,2.0,0.0,0.0,0.0,8.0,7.0,7.0,7.0,0.9022222222222221,3.0,0.5963309094591049,0.601503759398497,0.7982095690597343,0.2783300198807158,0.19125683060109308,0.3333333333333333,0.24539877300613522,0.0,0.7272727272727273,0.0,0.6382584963610485,0.26595889145998336,0.24361405465699956,0.4081752823795143,33,"Shipped 8 merged PRs (avg cycle time 10h). Reviewed 7 PRs, across 3 contributors, unblocking 7 merges. Technical: 2 bug fixes, 8 core-area touches. Strongest signal: shipping code."
nickbest-ph,7.0,8.731115611412234,16.725714285714286,2.7030555555555558,1.0,4.0,0.0,0.0,0.0,6.0,8.0,6.0,8.0,1.4370833333333333,2.0,0.5665236265474298,0.5263157894736848,0.6557739007977064,0.31809145129224664,0.2185792349726778,0.2222222222222222,0.49079754601227044,0.0,0.5454545454545454,0.0,0.5723113302753616,0.2642704791288699,0.30540992749581725,0.3998286540975508,34,"Shipped 7 merged PRs (avg cycle time 17h). including 1 complex cross-directory change. Reviewed 8 PRs, across 2 contributors, unblocking 8 merges. Technical: 4 bug fixes, 6 core-area touches. Strongest signal: shipping code."
benjackwhite,6.0,7.818926082554054,39.620694444444446,20.650277777777777,1.0,2.0,0.0,1.0,0.0,4.0,10.0,9.0,6.0,0.6564814814814814,6.0,0.5073356667279698,0.45112781954887277,0.1845802897669997,0.23856858846918497,0.27322404371584724,0.6666666666666666,0.24539877300613522,0.0,0.36363636363636365,1.0,0.42592223718204664,0.35598974459255406,0.32088678192972686,0.373431852829503,35,"Shipped 6 merged PRs (avg cycle time 40h). including 1 complex cross-directory change. Reviewed 10 PRs, across 6 contributors, unblocking 6 merges. Technical: 2 bug fixes, 4 core-area touches. Strongest signal: shipping code."
sortafreel,2.0,2.6716580300593646,13.834305555555556,13.834305555555556,1.0,0.0,0.0,0.0,1.0,1.0,59.0,11.0,23.0,6.838189655172414,5.0,0.17335211941363585,0.15037593984962425,0.7152809766319563,0.9145129224652091,1.0,0.5555555555555556,0.0,0.0,0.09090909090909091,0.0,0.2748450369880965,0.8504197039982329,0.018181818181818184,0.3705184714492539,36,"Shipped 2 merged PRs (avg cycle time 14h). including 1 complex cross-directory change. Reviewed 59 PRs, across 5 contributors, unblocking 23 merges. Technical: 1 core-area touch. Strongest signal: reviewing & unblocking others."
ablaszkiewicz,4.0,4.2777810868227215,4.834583333333334,2.29625,0.0,4.0,0.0,0.0,0.0,1.0,24.0,22.0,6.0,15.576493055555554,5.0,0.2775663686912085,0.3007518796992485,0.900501124575399,0.23856858846918497,0.6557377049180334,0.5555555555555556,0.49079754601227044,0.0,0.09090909090909091,0.0,0.4091089731704586,0.4429660651754322,0.21450083658672636,0.360883659796831,37,"Shipped 4 merged PRs (avg cycle time 5h). Reviewed 24 PRs, across 5 contributors, unblocking 6 merges. Technical: 4 bug fixes, 1 core-area touch. Strongest signal: reviewing & unblocking others."
jose-sequeira,7.0,7.458656461572061,5.187341269841269,0.9302777777777778,0.0,4.0,0.0,0.0,1.0,3.0,8.0,5.0,4.0,1.9438194444444443,1.0,0.48395935821284597,0.5263157894736848,0.8932411363696641,0.15904572564612332,0.2185792349726778,0.1111111111111111,0.49079754601227044,0.0,0.2727272727272727,0.0,0.5785226432224613,0.16492212481033663,0.25086447295036274,0.3561450366171943,38,"Shipped 7 merged PRs (avg cycle time 5h). Reviewed 8 PRs, across 1 contributor, unblocking 4 merges. Technical: 4 bug fixes, 3 core-area touches. Strongest signal: shipping code."
frankh,8.0,8.80949034089781,24.296493055555555,4.109861111111111,0.0,3.0,0.0,1.0,5.0,4.0,2.0,2.0,1.0,0.19,1.0,0.5716090174589654,0.601503759398497,0.49996234026591624,0.03976143141153083,0.05464480874316945,0.1111111111111111,0.3680981595092028,0.0,0.36363636363636365,1.0,0.5662481046022151,0.06206386453591749,0.3699665365309539,0.35610836216094743,39,"Shipped 8 merged PRs (avg cycle time 24h). Reviewed 2 PRs, across 1 contributor, unblocking 1 merge. Technical: 3 bug fixes, 4 core-area touches. Strongest signal: shipping code."
Twixes,5.0,5.945917962157762,36.85161111111111,20.8275,1.0,1.0,0.0,1.0,1.0,2.0,17.0,12.0,9.0,35.97724074074074,5.0,0.3858044214501328,0.37593984962406063,0.2415698292220383,0.35785288270377746,0.46448087431694035,0.5555555555555556,0.12269938650306761,0.0,0.18181818181818182,1.0,0.35399813145669223,0.4392669484006709,0.2354433909648634,0.3440123543923372,40,"Shipped 5 merged PRs (avg cycle time 37h). including 1 complex cross-directory change. Reviewed 17 PRs, across 5 contributors, unblocking 9 merges. Technical: 1 bug fix, 2 core-area touches. Strongest signal: reviewing & unblocking others."
rodrigoi,5.0,6.083606329541167,26.23127777777778,10.421388888888888,1.0,4.0,0.0,1.0,0.0,5.0,6.0,4.0,5.0,8.42837962962963,1.0,0.39473841301490886,0.37593984962406063,0.460143209892776,0.19880715705765414,0.16393442622950835,0.1111111111111111,0.49079754601227044,0.0,0.45454545454545453,1.0,0.4021798033732278,0.16642132632257467,0.43722810931399914,0.3419667520402633,41,"Shipped 5 merged PRs (avg cycle time 26h). including 1 complex cross-directory change. Reviewed 6 PRs, across 1 contributor, unblocking 5 merges. Technical: 4 bug fixes, 5 core-area touches. Strongest signal: technical health (bugs, infra, refactors)."
oliverb123,5.0,5.759149840173129,7.747611111111112,0.5083333333333333,0.0,2.0,0.0,0.0,0.0,3.0,9.0,5.0,9.0,1.118858024691358,4.0,0.37368586083321836,0.37593984962406063,0.8405491146532381,0.35785288270377746,0.2459016393442625,0.4444444444444444,0.24539877300613522,0.0,0.2727272727272727,0.0,0.467734708234475,0.34591540013108973,0.15270496374790862,0.33667999245748953,42,"Shipped 5 merged PRs (avg cycle time 8h). Reviewed 9 PRs, across 4 contributors, unblocking 9 merges. Technical: 2 bug fixes, 3 core-area touches. Strongest signal: shipping code."
gustavohstrassburger,5.0,5.352478805567137,22.16422222222222,26.394166666666667,0.0,2.0,0.0,0.0,0.0,5.0,16.0,15.0,12.0,18.349742063492062,2.0,0.34729876901236945,0.37593984962406063,0.5438458634962553,0.47713717693836993,0.4371584699453556,0.2222222222222222,0.24539877300613522,0.0,0.45454545454545453,0.0,0.395200512092654,0.40141482616142876,0.189068600111545,0.3352252327189537,43,"Shipped 5 merged PRs (avg cycle time 22h). Reviewed 16 PRs, across 2 contributors, unblocking 12 merges. Technical: 2 bug fixes, 5 core-area touches. Strongest signal: reviewing & unblocking others."
rossgray,4.0,4.307757063156432,22.609513888888888,11.363055555555556,0.0,2.0,0.0,0.0,0.0,2.0,20.0,10.0,16.0,16.046694444444444,2.0,0.2795113777344602,0.3007518796992485,0.5346814708248538,0.6361829025844933,0.5464480874316945,0.2222222222222222,0.24539877300613522,0.0,0.18181818181818182,0.0,0.3369175469419754,0.5057722879480859,0.13452314556609046,0.32685564883104307,44,"Shipped 4 merged PRs (avg cycle time 23h). Reviewed 20 PRs, across 2 contributors, unblocking 16 merges. Technical: 2 bug fixes, 2 core-area touches. Strongest signal: reviewing & unblocking others."
carlos-marchal-ph,4.0,4.330085174816844,4.493888888888888,0.6180555555555556,0.0,1.0,0.0,1.0,0.0,3.0,8.0,7.0,4.0,1.5647222222222221,5.0,0.2809601505322089,0.3007518796992485,0.9075128382533716,0.15904572564612332,0.2185792349726778,0.5555555555555556,0.12269938650306761,0.0,0.2727272727272727,1.0,0.41220820682655335,0.27603323592144774,0.2536252091466816,0.32378081625106014,45,"Shipped 4 merged PRs (avg cycle time 4h). Reviewed 8 PRs, across 5 contributors, unblocking 4 merges. Technical: 1 bug fix, 3 core-area touches. Strongest signal: shipping code."
VojtechBartos,5.0,6.438050707804713,20.307833333333335,1.4983333333333333,0.0,2.0,0.0,0.0,0.0,2.0,10.0,10.0,9.0,4.4367222222222225,4.0,0.4177367471935046,0.37593984962406063,0.5820515565332633,0.35785288270377746,0.27322404371584724,0.4444444444444444,0.24539877300613522,0.0,0.18181818181818182,0.0,0.43806063979062315,0.35411212144256515,0.13452314556609046,0.3218148360188459,46,"Shipped 5 merged PRs (avg cycle time 20h). Reviewed 10 PRs, across 4 contributors, unblocking 9 merges. Technical: 2 bug fixes, 2 core-area touches. Strongest signal: shipping code."
luke-belton,6.0,6.09752020171938,2.041851851851852,1.9004166666666666,0.0,5.0,0.0,0.0,0.0,6.0,0.0,0.0,0.0,0.0,0.0,0.39564122288211706,0.45112781954887277,0.9579773583294875,0.0,0.0,0.0,0.6134969325153381,0.0,0.5454545454545454,0.0,0.5247544289716178,0.0,0.35448968209704435,0.3162486762177604,47,"Shipped 6 merged PRs (avg cycle time 2h). Technical: 5 bug fixes, 6 core-area touches. Strongest signal: shipping code."
cvolzer3,8.0,8.857646871959815,35.97013888888889,22.82375,1.0,5.0,0.0,0.0,0.0,5.0,1.0,1.0,0.0,117.42277777777778,0.0,0.5747336826029629,0.601503759398497,0.2597111019609786,0.0,0.027322404371584726,0.0,0.6134969325153381,0.0,0.45454545454545453,0.0,0.5197601895132262,0.008196721311475417,0.33630786391522616,0.31125545137330096,48,"Shipped 8 merged PRs (avg cycle time 36h). including 1 complex cross-directory change. Reviewed 1 PR. Technical: 5 bug fixes, 5 core-area touches. Strongest signal: shipping code."
fasyy612,4.0,4.517741775368793,8.448055555555555,4.176805555555555,0.0,2.0,0.0,0.0,0.0,4.0,11.0,8.0,8.0,18.938787878787878,3.0,0.29313636060910847,0.3007518796992485,0.8261335115465316,0.31809145129224664,0.30054644808743197,0.3333333333333333,0.24539877300613522,0.0,0.36363636363636365,0.0,0.4020204465236351,0.3166384208410739,0.17088678192972684,0.30706573944069426,49,"Shipped 4 merged PRs (avg cycle time 8h). Reviewed 11 PRs, across 3 contributors, unblocking 8 merges. Technical: 2 bug fixes, 4 core-area touches. Strongest signal: shipping code."
cat-ph,5.0,5.632773442928902,24.18761111111111,24.164166666666667,0.0,4.0,0.0,0.0,0.0,1.0,12.0,9.0,4.0,25.81540404040404,4.0,0.36548585317518,0.37593984962406063,0.5022032016347897,0.15904572564612332,0.3278688524590167,0.4444444444444444,0.49079754601227044,0.0,0.09090909090909091,0.0,0.3959655218017661,0.2810423433895716,0.21450083658672636,0.30704916271359584,50,"Shipped 5 merged PRs (avg cycle time 24h). Reviewed 12 PRs, across 4 contributors, unblocking 4 merges. Technical: 4 bug fixes, 1 core-area touch. Strongest signal: shipping code."
orian,6.0,6.949746858061826,15.222731481481482,11.865277777777777,0.0,1.0,0.0,0.0,1.0,5.0,4.0,3.0,4.0,2.718472222222222,3.0,0.4509384560742246,0.45112781954887277,0.6867062663177292,0.15904572564612332,0.1092896174863389,0.3333333333333333,0.12269938650306761,0.0,0.45454545454545453,0.0,0.49814882716531994,0.18769079511999048,0.13998884551031796,0.29756342305522054,51,"Shipped 6 merged PRs (avg cycle time 15h). Reviewed 4 PRs, across 3 contributors, unblocking 4 merges. Technical: 1 bug fix, 5 core-area touches. Strongest signal: shipping code."
yasen-posthog,5.0,6.062595548672743,23.695277777777783,0.8930555555555556,1.0,3.0,0.0,0.0,0.0,5.0,6.0,5.0,3.0,27.229166666666668,3.0,0.3933751160086689,0.37593984962406063,0.5123357424605853,0.11928429423459248,0.16393442622950835,0.3333333333333333,0.3680981595092028,0.0,0.45454545454545453,0.0,0.41193666138366974,0.18619159360775245,0.23814835471277204,0.2920766490496252,52,"Shipped 5 merged PRs (avg cycle time 24h). including 1 complex cross-directory change. Reviewed 6 PRs, across 3 contributors, unblocking 3 merges. Technical: 3 bug fixes, 5 core-area touches. Strongest signal: shipping code."
posthog-js-upgrader,9.0,10.187798558580024,1.5376234567901232,0.7925,0.0,0.0,0.0,0.0,0.0,0.0,0.0,0.0,0.0,0.0,0.0,0.6610413654811162,0.6766917293233091,0.9683547072769929,0.0,0.0,0.0,0.0,0.0,0.0,0.0,0.7271991429929494,0.0,0.0,0.2908796571971798,53,Shipped 9 merged PRs (avg cycle time 2h). Strongest signal: shipping code.
joshsny,3.0,3.0414636567593862,1.5085185185185184,1.0105555555555557,0.0,1.0,0.0,0.0,1.0,0.0,9.0,9.0,7.0,4.892738095238095,8.0,0.19734717732833165,0.22556390977443638,0.9689537058726652,0.2783300198807158,0.2459016393442625,0.8888888888888888,0.12269938650306761,0.0,0.0,0.0,0.3601335027710298,0.4212412229718231,0.049079754601227044,0.285149694380327,54,"Shipped 3 merged PRs (avg cycle time 2h). Reviewed 9 PRs, across 8 contributors, unblocking 7 merges. Technical: 1 bug fix. Strongest signal: reviewing & unblocking others."
rorylshanks,1.0,1.6001310381797604,0.8363888888888888,0.8363888888888888,1.0,1.0,0.0,0.0,0.0,1.0,18.0,12.0,10.0,3.546027777777778,7.0,0.10382545358989652,0.07518796992481212,0.9827865716393189,0.3976143141153083,0.491803278688525,0.7777777777777778,0.12269938650306761,0.0,0.09090909090909091,0.0,0.2710264321002557,0.5209118694028907,0.06726157278304523,0.28486260549588305,55,"Shipped 1 merged PR (avg cycle time 1h). including 1 complex cross-directory change. Reviewed 18 PRs, across 7 contributors, unblocking 10 merges. Technical: 1 bug fix, 1 core-area touch. Strongest signal: reviewing & unblocking others."
Piccirello,2.0,2.084616911866897,59.36736111111111,59.36736111111111,0.0,1.0,0.0,0.0,0.0,1.0,22.0,19.0,16.0,18.95076388888889,11.0,0.13526160750056973,0.15037593984962425,0.0,0.6361829025844933,0.6010928961748639,1.0,0.12269938650306761,0.0,0.09090909090909091,0.0,0.11274358570517214,0.7166101750154812,0.06726157278304523,0.2802589586216268,56,"Shipped 2 merged PRs (avg cycle time 2.5d). Reviewed 22 PRs, across 11 contributors, unblocking 16 merges. Technical: 1 bug fix, 1 core-area touch. Strongest signal: reviewing & unblocking others."
estefaniarabadan,3.0,3.209633291639367,2.7155555555555555,1.3119444444444444,0.0,3.0,0.0,0.0,1.0,3.0,10.0,6.0,6.0,1.164259259259259,1.0,0.20825896405382593,0.22556390977443638,0.9441120970926542,0.23856858846918497,0.27322404371584724,0.1111111111111111,0.3680981595092028,0.0,0.2727272727272727,0.0,0.3606210743777747,0.21710085570366522,0.20178471834913567,0.26991410196695015,57,"Shipped 3 merged PRs (avg cycle time 3h). Reviewed 10 PRs, across 1 contributor, unblocking 6 merges. Technical: 3 bug fixes, 3 core-area touches. Strongest signal: shipping code."
ReeceJones,3.0,3.3405195862370203,8.854166666666666,4.990277777777778,0.0,2.0,0.0,0.0,0.0,3.0,8.0,7.0,4.0,16.883166666666668,3.0,0.21675159908249259,0.22556390977443638,0.8177754802402162,0.15904572564612332,0.2185792349726778,0.3333333333333333,0.24539877300613522,0.0,0.2727272727272727,0.0,0.33960006852162045,0.22047768036589216,0.15270496374790862,0.24779482064278838,58,"Shipped 3 merged PRs (avg cycle time 9h). Reviewed 8 PRs, across 3 contributors, unblocking 4 merges. Technical: 2 bug fixes, 3 core-area touches. Strongest signal: shipping code."
andrewjmcgehee,3.0,3.7200786229078564,20.44648148148148,4.732222222222222,0.0,1.0,0.0,0.0,0.0,3.0,12.0,7.0,10.0,16.326338383838387,1.0,0.24137951280093556,0.22556390977443638,0.5791980872952158,0.3976143141153083,0.3278688524590167,0.1111111111111111,0.12269938650306761,0.0,0.2727272727272727,0.0,0.3041985467918419,0.30506487486737155,0.10362520914668158,0.24428644392095272,59,"Shipped 3 merged PRs (avg cycle time 20h). Reviewed 12 PRs, across 1 contributor, unblocking 10 merges. Technical: 1 bug fix, 3 core-area touches. Strongest signal: reviewing & unblocking others."
brandonleung,4.0,4.402556237218814,8.676388888888889,3.9393055555555554,0.0,3.0,0.0,0.0,0.0,2.0,4.0,3.0,3.0,0.5549074074074074,0.0,0.2856624784956647,0.3007518796992485,0.8214342627546087,0.11928429423459248,0.1092896174863389,0.0,0.3680981595092028,0.0,0.18181818181818182,0.0,0.39734365570852864,0.0864648176514683,0.1836029001673175,0.2399577776290472,60,"Shipped 4 merged PRs (avg cycle time 9h). Reviewed 4 PRs, unblocking 3 merges. Technical: 3 bug fixes, 2 core-area touches. Strongest signal: shipping code."
mp-hog,3.0,3.9345613199118468,24.059074074074076,24.184444444444445,1.0,2.0,0.0,0.0,2.0,2.0,8.0,7.0,6.0,18.99924603174603,3.0,0.25529635009255863,0.22556390977443638,0.5048485776173312,0.23856858846918497,0.2185792349726778,0.3333333333333333,0.24539877300613522,0.0,0.18181818181818182,0.0,0.29628706350207645,0.2562629686362699,0.13452314556609046,0.23575065966153871,61,"Shipped 3 merged PRs (avg cycle time 24h). including 1 complex cross-directory change. Reviewed 8 PRs, across 3 contributors, unblocking 6 merges. Technical: 2 bug fixes, 2 core-area touches. Strongest signal: shipping code."
a-lider,2.0,2.00229316814581,24.58277777777778,24.58277777777778,0.0,2.0,0.0,0.0,0.0,1.0,19.0,8.0,6.0,3.765925925925926,3.0,0.12991998245292158,0.15037593984962425,0.49407041412701647,0.23856858846918497,0.5191256830601098,0.3333333333333333,0.24539877300613522,0.0,0.09090909090909091,0.0,0.20888685600675136,0.3464269030624995,0.11634132738427228,0.22238521153673207,62,"Shipped 2 merged PRs (avg cycle time 25h). Reviewed 19 PRs, across 3 contributors, unblocking 6 merges. Technical: 2 bug fixes, 1 core-area touch. Strongest signal: reviewing & unblocking others."
haacked,2.0,2.3678618937002405,14.518749999999999,14.518749999999999,0.0,0.0,1.0,0.0,1.0,2.0,11.0,7.0,8.0,5.759876543209876,4.0,0.15364012651821357,0.15037593984962425,0.7011946639515452,0.31809145129224664,0.30054644808743197,0.4444444444444444,0.0,0.0,0.18181818181818182,0.0,0.26217177800430314,0.3444161986188517,0.03636363636363637,0.2191026616964677,63,"Shipped 2 merged PRs (avg cycle time 15h). Reviewed 11 PRs, across 4 contributors, unblocking 8 merges. Technical: 2 core-area touches. Strongest signal: reviewing & unblocking others."
mariusandra,1.0,1.0,1.4758333333333333,1.4758333333333333,0.0,1.0,0.0,0.0,0.0,1.0,7.0,5.0,6.0,2.296990740740741,5.0,0.06488559443731799,0.07518796992481212,0.9696263882828633,0.23856858846918497,0.19125683060109308,0.5555555555555556,0.12269938650306761,0.0,0.09090909090909091,0.0,0.2489244658526753,0.30362180288035007,0.06726157278304523,0.2108347990400887,64,"Shipped 1 merged PR (avg cycle time 1h). Reviewed 7 PRs, across 5 contributors, unblocking 6 merges. Technical: 1 bug fix, 1 core-area touch. Strongest signal: reviewing & unblocking others."
Radu-Raicea,0.0,0.0,0.0,0.0,0.0,0.0,0.0,0.0,0.0,0.0,22.0,11.0,11.0,3.033787878787879,2.0,0.0,0.0,1.0,0.4373757455268391,0.6010928961748639,0.2222222222222222,0.0,0.0,0.0,0.0,0.2,0.4327025098950924,0.0,0.20981075296852772,65,"Reviewed 22 PRs, across 2 contributors, unblocking 11 merges. Strongest signal: reviewing & unblocking others."
ksvat,3.0,3.7800633351202175,23.896203703703705,25.462777777777777,0.0,0.0,0.0,0.0,0.0,3.0,7.0,6.0,6.0,9.117103174603175,3.0,0.24527165650998606,0.22556390977443638,0.5082005559729648,0.23856858846918497,0.19125683060109308,0.3333333333333333,0.0,0.0,0.2727272727272727,0.0,0.2919451123819169,0.2480662473247945,0.05454545454545454,0.20756155551384148,66,"Shipped 3 merged PRs (avg cycle time 24h). Reviewed 7 PRs, across 3 contributors, unblocking 6 merges. Technical: 3 core-area touches. Strongest signal: shipping code."
patricio-posthog,4.0,4.457109813965493,6.245694444444444,2.2641666666666667,0.0,0.0,0.0,0.0,0.0,3.0,4.0,3.0,1.0,0.7336111111111111,1.0,0.2892022197515548,0.3007518796992485,0.8714595383674083,0.03976143141153083,0.1092896174863389,0.1111111111111111,0.0,0.0,0.2727272727272727,0.0,0.4091185814590336,0.07845730715886831,0.05454545454545454,0.2035482610949103,67,"Shipped 4 merged PRs (avg cycle time 6h). Reviewed 4 PRs, across 1 contributor, unblocking 1 merge. Technical: 3 core-area touches. Strongest signal: shipping code."
gesh,5.0,5.82256934103679,72.46427777777777,117.33333333333333,0.0,1.0,0.0,0.0,0.0,4.0,3.0,3.0,2.0,7.397638888888889,3.0,0.377800872845675,0.37593984962406063,0.0,0.07952286282306166,0.08196721311475418,0.3333333333333333,0.12269938650306761,0.0,0.36363636363636365,0.0,0.3016823913100557,0.14370878553813732,0.12180702732849978,0.20032770038401343,68,"Shipped 5 merged PRs (avg cycle time 3.0d). Reviewed 3 PRs, across 3 contributors, unblocking 2 merges. Technical: 1 bug fix, 4 core-area touches. Strongest signal: shipping code."
meikelmosby,3.0,3.0122997200547976,1.1497222222222223,0.6836111111111111,0.0,0.0,0.0,0.0,0.0,0.0,6.0,5.0,6.0,3.524027777777778,1.0,0.1954548579591221,0.22556390977443638,0.9763379674577021,0.23856858846918497,0.16393442622950835,0.1111111111111111,0.0,0.0,0.0,0.0,0.3606641954034324,0.18431397045776354,0.0,0.19955986929870204,69,"Shipped 3 merged PRs (avg cycle time 1h). Reviewed 6 PRs, across 1 contributor, unblocking 6 merges. Strongest signal: shipping code."
georgemunyoro,2.0,2.161926459785177,48.35347222222222,48.35347222222222,0.0,2.0,0.0,0.0,0.0,2.0,10.0,9.0,7.0,12.177881944444445,6.0,0.14027788347292763,0.15037593984962425,0.004854032442824452,0.2783300198807158,0.27322404371584724,0.6666666666666666,0.24539877300613522,0.0,0.18181818181818182,0.0,0.11622253017991598,0.37388238872774293,0.13452314556609046,0.1990106723601164,70,"Shipped 2 merged PRs (avg cycle time 2.0d). Reviewed 10 PRs, across 6 contributors, unblocking 7 merges. Technical: 2 bug fixes, 2 core-area touches. Strongest signal: reviewing & unblocking others."
robbie-c,3.0,3.0908710068100147,2.3858333333333333,1.6355555555555557,0.0,1.0,0.0,0.0,0.0,1.0,2.0,2.0,1.0,0.32972222222222225,2.0,0.20055300260593933,0.22556390977443638,0.9508979952873166,0.03976143141153083,0.05464480874316945,0.2222222222222222,0.12269938650306761,0.0,0.09090909090909091,0.0,0.3581252732927639,0.08984164231369526,0.06726157278304523,0.19038107384612768,71,"Shipped 3 merged PRs (avg cycle time 2h). Reviewed 2 PRs, across 2 contributors, unblocking 1 merge. Technical: 1 bug fix, 1 core-area touch. Strongest signal: shipping code."
jonmcwest,1.0,1.1219002521492247,5.21,5.21,0.0,1.0,0.0,0.0,0.0,1.0,7.0,7.0,7.0,0.9814285714285713,2.0,0.07279516476007938,0.07518796992481212,0.8927748049375841,0.2783300198807158,0.19125683060109308,0.2222222222222222,0.12269938650306761,0.0,0.09090909090909091,0.0,0.23750893434500014,0.2381811136822056,0.06726157278304523,0.1866363796775753,72,"Shipped 1 merged PR (avg cycle time 5h). Reviewed 7 PRs, across 2 contributors, unblocking 7 merges. Technical: 1 bug fix, 1 core-area touch. Strongest signal: reviewing & unblocking others."
github-advanced-security,0.0,0.0,0.0,0.0,0.0,0.0,0.0,0.0,0.0,0.0,10.0,8.0,2.0,14.202083333333334,8.0,0.0,0.0,1.0,0.07952286282306166,0.27322404371584724,0.8888888888888888,0.0,0.0,0.0,0.0,0.2,0.33997472360735415,0.0,0.18199241708220626,73,"Reviewed 10 PRs, across 8 contributors, unblocking 2 merges. Strongest signal: reviewing & unblocking others."
jabahamondes,2.0,2.8886324379057715,49.92583333333333,49.92583333333333,1.0,1.0,0.0,0.0,0.0,2.0,11.0,10.0,8.0,0.8334722222222222,3.0,0.18743063284443504,0.15037593984962425,0.0,0.31809145129224664,0.30054644808743197,0.3333333333333333,0.12269938650306761,0.0,0.18181818181818182,0.0,0.1388280983771048,0.3166384208410739,0.08544339096486342,0.1761557828926231,74,"Shipped 2 merged PRs (avg cycle time 2.1d). including 1 complex cross-directory change. Reviewed 11 PRs, across 3 contributors, unblocking 8 merges. Technical: 1 bug fix, 2 core-area touches. Strongest signal: reviewing & unblocking others."
richardsolomou,2.0,2.021680862469474,11.625833333333334,11.625833333333334,0.0,2.0,0.0,0.0,0.0,1.0,4.0,4.0,3.0,0.9283333333333333,1.0,0.13117796452388153,0.15037593984962425,0.7607327741017652,0.11928429423459248,0.1092896174863389,0.1111111111111111,0.24539877300613522,0.0,0.09090909090909091,0.0,0.2628483190371811,0.11424259542924607,0.11634132738427228,0.17431450445892793,75,"Shipped 2 merged PRs (avg cycle time 12h). Reviewed 4 PRs, across 1 contributor, unblocking 3 merges. Technical: 2 bug fixes, 1 core-area touch. Strongest signal: shipping code."
andyzzhao,1.0,1.17854944705859,3.8266666666666667,3.8266666666666667,0.0,1.0,0.0,0.0,0.0,1.0,4.0,4.0,2.0,16.128611111111113,4.0,0.07647088144616904,0.07518796992481212,0.921244706377701,0.07952286282306166,0.1092896174863389,0.4444444444444444,0.12269938650306761,0.0,0.09090909090909091,0.0,0.24504077297606836,0.17968328462739053,0.06726157278304523,0.17209976641355806,76,"Shipped 1 merged PR (avg cycle time 4h). Reviewed 4 PRs, across 4 contributors, unblocking 2 merges. Technical: 1 bug fix, 1 core-area touch. Strongest signal: shipping code."
hex-security-app,0.0,0.0,0.0,0.0,0.0,0.0,0.0,0.0,0.0,0.0,9.0,7.0,5.0,28.077430555555555,5.0,0.0,0.0,1.0,0.19880715705765414,0.2459016393442625,0.5555555555555556,0.0,0.0,0.0,0.0,0.2,0.30212260136811203,0.0,0.17063678041043362,77,"Reviewed 9 PRs, across 5 contributors, unblocking 5 merges. Strongest signal: reviewing & unblocking others."
matt-metivier,0.0,0.0,0.0,0.0,0.0,0.0,0.0,0.0,0.0,0.0,14.0,6.0,5.0,6.893555555555555,3.0,0.0,0.0,1.0,0.19880715705765414,0.38251366120218616,0.3333333333333333,0.0,0.0,0.0,0.0,0.2,0.28755065236993355,0.0,0.16626519571098008,78,"Reviewed 14 PRs, across 3 contributors, unblocking 5 merges. Strongest signal: reviewing & unblocking others."
havenbarnes,2.0,2.6157990350824942,22.721805555555555,22.721805555555555,0.0,2.0,0.0,0.0,0.0,1.0,3.0,2.0,3.0,12.100185185185184,1.0,0.16972767531989044,0.15037593984962425,0.5323704351507239,0.11928429423459248,0.08196721311475418,0.1111111111111111,0.24539877300613522,0.0,0.09090909090909091,0.0,0.23645070664497725,0.10604587411777065,0.11634132738427228,0.16129644310860378,79,"Shipped 2 merged PRs (avg cycle time 23h). Reviewed 3 PRs, across 1 contributor, unblocking 3 merges. Technical: 2 bug fixes, 1 core-area touch. Strongest signal: shipping code."
jordanm-posthog,3.0,3.226278118609407,31.739166666666666,18.33222222222222,0.0,1.0,0.0,0.0,0.0,3.0,3.0,3.0,3.0,0.267037037037037,1.0,0.20933897354608327,0.22556390977443638,0.34678726737968135,0.11928429423459248,0.08196721311475418,0.1111111111111111,0.12269938650306761,0.0,0.2727272727272727,0.0,0.24169611318130882,0.10604587411777065,0.10362520914668158,0.1595797702518592,80,"Shipped 3 merged PRs (avg cycle time 32h). Reviewed 3 PRs, across 1 contributor, unblocking 3 merges. Technical: 1 bug fix, 3 core-area touches. Strongest signal: shipping code."
HaynesPostHog,2.0,2.0443822343995075,8.166805555555555,8.166805555555555,0.0,2.0,0.0,0.0,0.0,2.0,0.0,0.0,0.0,0.0,0.0,0.1326509565361044,0.15037593984962425,0.8319218198212541,0.0,0.0,0.0,0.24539877300613522,0.0,0.18181818181818182,0.0,0.2778226241871903,0.0,0.13452314556609046,0.15148599334470325,81,"Shipped 2 merged PRs (avg cycle time 8h). Technical: 2 bug fixes, 2 core-area touches. Strongest signal: shipping code."
scheduled-actions-posthog,4.0,4.1961264319891995,12.361319444444444,11.990833333333333,0.0,0.0,0.0,0.0,0.0,0.0,0.0,0.0,0.0,0.0,0.0,0.27226815787376135,0.3007518796992485,0.745595990660386,0.0,0.0,0.0,0.0,0.0,0.0,0.0,0.3754788409787324,0.0,0.0,0.15019153639149296,82,Shipped 4 merged PRs (avg cycle time 12h). Strongest signal: shipping code.
bciaraldi,2.0,2.0170945261778543,14.738472222222223,14.738472222222223,0.0,2.0,0.0,0.0,0.0,2.0,1.0,1.0,1.0,0.002777777777777778,0.0,0.13088037736731034,0.15037593984962425,0.6966726374376631,0.03976143141153083,0.027322404371584726,0.0,0.24539877300613522,0.0,0.18181818181818182,0.0,0.24988749812607505,0.026089365446664292,0.13452314556609046,0.14813875255425646,83,"Shipped 2 merged PRs (avg cycle time 15h). Reviewed 1 PR, unblocking 1 merge. Technical: 2 bug fixes, 2 core-area touches. Strongest signal: shipping code."
marandaneto,1.0,1.1447991740623822,28.585833333333333,28.585833333333333,0.0,0.0,0.0,0.0,0.0,1.0,9.0,9.0,7.0,2.1784126984126986,3.0,0.07428097492038833,0.07518796992481212,0.41168492222871866,0.2783300198807158,0.2459016393442625,0.3333333333333333,0.0,0.0,0.09090909090909091,0.0,0.14203386288338155,0.2823523340829342,0.018181818181818184,0.14697379083277834,84,"Shipped 1 merged PR (avg cycle time 29h). Reviewed 9 PRs, across 3 contributors, unblocking 7 merges. Technical: 1 core-area touch. Strongest signal: reviewing & unblocking others."
dustinbyrne,2.0,2.144623463775885,19.9375,19.9375,0.0,1.0,0.0,0.0,0.0,2.0,2.0,2.0,2.0,8.091805555555554,1.0,0.1391551682913182,0.15037593984962425,0.5896732578585574,0.07952286282306166,0.05464480874316945,0.1111111111111111,0.12269938650306761,0.0,0.18181818181818182,0.0,0.23262501767225785,0.07995650867110636,0.08544339096486342,0.14266997695969408,85,"Shipped 2 merged PRs (avg cycle time 20h). Reviewed 2 PRs, across 1 contributor, unblocking 2 merges. Technical: 1 bug fix, 2 core-area touches. Strongest signal: shipping code."
timgl,2.0,2.035220481664582,2.5566666666666666,2.5566666666666666,0.0,0.0,0.0,0.0,0.0,1.0,1.0,1.0,1.0,0.001388888888888889,1.0,0.132056490763811,0.15037593984962425,0.9473821339648926,0.03976143141153083,0.027322404371584726,0.1111111111111111,0.0,0.0,0.09090909090909091,0.0,0.3006174541297713,0.05386714322444207,0.018181818181818184,0.1418616700737866,86,"Shipped 2 merged PRs (avg cycle time 3h). Reviewed 1 PR, across 1 contributor, unblocking 1 merge. Technical: 1 core-area touch. Strongest signal: shipping code."
EDsCODE,2.0,2.2052226656342446,9.088888888888889,9.088888888888889,0.0,0.0,0.0,0.0,0.0,2.0,1.0,1.0,1.0,0.08583333333333333,1.0,0.14308718352632488,0.15037593984962425,0.8129447439516824,0.03976143141153083,0.027322404371584726,0.1111111111111111,0.0,0.0,0.18181818181818182,0.0,0.2792453225083862,0.05386714322444207,0.03636363636363637,0.13876736287977803,87,"Shipped 2 merged PRs (avg cycle time 9h). Reviewed 1 PR, across 1 contributor, unblocking 1 merge. Technical: 2 core-area touches. Strongest signal: shipping code."
pl,0.0,0.0,0.0,0.0,0.0,0.0,0.0,0.0,0.0,0.0,6.0,5.0,4.0,5.93125,2.0,0.0,0.0,1.0,0.15904572564612332,0.16393442622950835,0.2222222222222222,0.0,0.0,0.0,0.0,0.2,0.17630645996516356,0.0,0.13289193798954907,88,"Reviewed 6 PRs, across 2 contributors, unblocking 4 merges. Strongest signal: shipping code."
Daesgar,1.0,1.0004169396628746,0.23416666666666666,0.23416666666666666,0.0,0.0,0.0,0.0,0.0,1.0,1.0,1.0,1.0,3.1566666666666667,1.0,0.0649126478151881,0.07518796992481212,0.9951806974068236,0.03976143141153083,0.027322404371584726,0.1111111111111111,0.0,0.0,0.09090909090909091,0.0,0.2540488543664024,0.05386714322444207,0.018181818181818184,0.12323423016843904,89,"Shipped 1 merged PR (avg cycle time 0h). Reviewed 1 PR, across 1 contributor, unblocking 1 merge. Technical: 1 core-area touch. Strongest signal: shipping code."
jonathanlab,1.0,1.0798221057438402,0.9880555555555556,0.9880555555555556,0.0,0.0,0.0,0.0,0.0,0.0,1.0,1.0,1.0,1.126111111111111,1.0,0.07006489921774552,0.07518796992481212,0.9796651728067278,0.03976143141153083,0.027322404371584726,0.1111111111111111,0.0,0.0,0.0,0.0,0.253521875147662,0.05386714322444207,0.0,0.11756889302639742,90,"Shipped 1 merged PR (avg cycle time 1h). Reviewed 1 PR, across 1 contributor, unblocking 1 merge. Strongest signal: shipping code."
naji247,1.0,1.0185428951496018,0.5305555555555556,0.5305555555555556,0.0,1.0,0.0,0.0,0.0,0.0,0.0,0.0,0.0,0.0,0.0,0.06608876121168876,0.07518796992481212,0.9890808209336098,0.0,0.0,0.0,0.12269938650306761,0.0,0.0,0.0,0.25341693577001,0.0,0.049079754601227044,0.11609070068837211,91,Shipped 1 merged PR (avg cycle time 1h). Technical: 1 bug fix. Strongest signal: shipping code.
DanielVisca,1.0,1.0027101078086842,0.6138888888888889,0.6138888888888889,0.0,1.0,0.0,0.0,0.0,0.0,0.0,0.0,0.0,0.0,0.0,0.06506144139347368,0.07518796992481212,0.9873657666299883,0.0,0.0,0.0,0.12269938650306761,0.0,0.0,0.0,0.25256026500017814,0.0,0.049079754601227044,0.11574803238043938,92,Shipped 1 merged PR (avg cycle time 1h). Technical: 1 bug fix. Strongest signal: shipping code.
tests-posthog,1.0,1.35,0.605,0.605,0.0,0.0,0.0,0.0,1.0,0.0,0.0,0.0,0.0,0.0,0.0,0.08759555249037929,0.07518796992481212,0.987548705755708,0.0,0.0,0.0,0.0,0.0,0.0,0.0,0.2638639083737749,0.0,0.0,0.10554556334950996,93,Shipped 1 merged PR (avg cycle time 1h). Strongest signal: shipping code.
jghoman,0.0,0.0,0.0,0.0,0.0,0.0,0.0,0.0,0.0,0.0,2.0,2.0,2.0,8.783055555555556,1.0,0.0,0.0,1.0,0.07952286282306166,0.05464480874316945,0.1111111111111111,0.0,0.0,0.0,0.0,0.2,0.07995650867110636,0.0,0.10398695260133192,94,"Reviewed 2 PRs, across 1 contributor, unblocking 2 merges. Strongest signal: shipping code."
langesven,1.0,1.0062540949431176,4.470555555555555,4.470555555555555,0.0,0.0,0.0,0.0,1.0,0.0,1.0,1.0,1.0,3.5825,0.0,0.06529139510536959,0.07518796992481212,0.9079930534583855,0.03976143141153083,0.027322404371584726,0.0,0.0,0.0,0.0,0.0,0.23680069922180555,0.026089365446664292,0.0,0.10254708932272151,95,"Shipped 1 merged PR (avg cycle time 4h). Reviewed 1 PR, unblocking 1 merge. Strongest signal: shipping code."
inkeep,1.0,1.0106319614032997,0.22805555555555557,0.22805555555555557,0.0,0.0,0.0,0.0,0.0,0.0,0.0,0.0,0.0,0.0,0.0,0.0655754555730057,0.07518796992481212,0.9953064680557558,0.0,0.0,0.0,0.0,0.0,0.0,0.0,0.2544054123750977,0.0,0.0,0.10176216495003908,96,Shipped 1 merged PR (avg cycle time 0h). Strongest signal: shipping code.
k11kirky,1.0,1.4266950582722815,25.784444444444443,25.784444444444443,0.0,1.0,0.0,0.0,0.0,1.0,1.0,1.0,1.0,0.004166666666666667,1.0,0.09257195693678101,0.07518796992481212,0.46933933106879455,0.03976143141153083,0.027322404371584726,0.1111111111111111,0.12269938650306761,0.0,0.09090909090909091,0.0,0.16271023565959306,0.05386714322444207,0.06726157278304523,0.10142270906608342,97,"Shipped 1 merged PR (avg cycle time 26h). Reviewed 1 PR, across 1 contributor, unblocking 1 merge. Technical: 1 bug fix, 1 core-area touch. Strongest signal: shipping code."
abhischekt,0.0,0.0,0.0,0.0,0.0,0.0,0.0,0.0,0.0,0.0,5.0,2.0,0.0,27.805833333333332,1.0,0.0,0.0,1.0,0.0,0.13661202185792362,0.1111111111111111,0.0,0.0,0.0,0.0,0.2,0.06876138433515486,0.0,0.10062841530054648,98,"Reviewed 5 PRs, across 1 contributor. Strongest signal: shipping code."
ioannisj,1.0,1.0031270474715588,17.836111111111112,17.836111111111112,0.0,1.0,0.0,0.0,0.0,0.0,1.0,1.0,0.0,25.37361111111111,1.0,0.06508849477134379,0.07518796992481212,0.6329212105482127,0.0,0.027322404371584726,0.1111111111111111,0.12269938650306761,0.0,0.0,0.0,0.1816848804727581,0.035974499089253195,0.049079754601227044,0.09819022829624731,99,"Shipped 1 merged PR (avg cycle time 18h). Reviewed 1 PR, across 1 contributor. Technical: 1 bug fix. Strongest signal: shipping code."
clickhouse-sync-posthog,1.0,1.0002084698314373,2.4133333333333336,2.4133333333333336,0.0,0.0,0.0,0.0,1.0,0.0,0.0,0.0,0.0,0.0,0.0,0.06489912112625304,0.07518796992481212,0.9503320273671215,0.0,0.0,0.0,0.0,0.0,0.0,0.0,0.2450723570139945,0.0,0.0,0.0980289428055978,100,Shipped 1 merged PR (avg cycle time 2h). Strongest signal: shipping code.
lmenezes,0.0,0.0,0.0,0.0,0.0,0.0,0.0,0.0,0.0,0.0,1.0,1.0,1.0,0.17,1.0,0.0,0.0,1.0,0.03976143141153083,0.027322404371584726,0.1111111111111111,0.0,0.0,0.0,0.0,0.2,0.05386714322444207,0.0,0.09616014296733263,101,"Reviewed 1 PR, across 1 contributor, unblocking 1 merge. Strongest signal: shipping code."
slshults,0.0,0.0,0.0,0.0,0.0,0.0,0.0,0.0,0.0,0.0,1.0,1.0,1.0,0.28194444444444444,1.0,0.0,0.0,1.0,0.03976143141153083,0.027322404371584726,0.1111111111111111,0.0,0.0,0.0,0.0,0.2,0.05386714322444207,0.0,0.09616014296733263,102,"Reviewed 1 PR, across 1 contributor, unblocking 1 merge. Strongest signal: shipping code."
codeCraft-Ritik,0.0,0.0,0.0,0.0,0.0,0.0,0.0,0.0,0.0,0.0,1.0,1.0,1.0,1.1897222222222221,1.0,0.0,0.0,1.0,0.03976143141153083,0.027322404371584726,0.1111111111111111,0.0,0.0,0.0,0.0,0.2,0.05386714322444207,0.0,0.09616014296733263,103,"Reviewed 1 PR, across 1 contributor, unblocking 1 merge. Strongest signal: shipping code."
willwearing,0.0,0.0,0.0,0.0,0.0,0.0,0.0,0.0,0.0,0.0,1.0,1.0,1.0,0.034166666666666665,1.0,0.0,0.0,1.0,0.03976143141153083,0.027322404371584726,0.1111111111111111,0.0,0.0,0.0,0.0,0.2,0.05386714322444207,0.0,0.09616014296733263,104,"Reviewed 1 PR, across 1 contributor, unblocking 1 merge. Strongest signal: shipping code."
Z3r0Sum,0.0,0.0,0.0,0.0,0.0,0.0,0.0,0.0,0.0,0.0,1.0,1.0,1.0,0.11055555555555556,1.0,0.0,0.0,1.0,0.03976143141153083,0.027322404371584726,0.1111111111111111,0.0,0.0,0.0,0.0,0.2,0.05386714322444207,0.0,0.09616014296733263,105,"Reviewed 1 PR, across 1 contributor, unblocking 1 merge. Strongest signal: shipping code."
turnipdabeets,0.0,0.0,0.0,0.0,0.0,0.0,0.0,0.0,0.0,0.0,1.0,1.0,1.0,0.0011111111111111111,1.0,0.0,0.0,1.0,0.03976143141153083,0.027322404371584726,0.1111111111111111,0.0,0.0,0.0,0.0,0.2,0.05386714322444207,0.0,0.09616014296733263,106,"Reviewed 1 PR, across 1 contributor, unblocking 1 merge. Strongest signal: shipping code."
brandon-julio-t,0.0,0.0,0.0,0.0,0.0,0.0,0.0,0.0,0.0,0.0,6.0,1.0,0.0,0.0,0.0,0.0,0.0,1.0,0.0,0.16393442622950835,0.0,0.0,0.0,0.0,0.0,0.2,0.04918032786885251,0.0,0.09475409836065576,107,Reviewed 6 PRs. Strongest signal: shipping code.
matheus-vb,1.0,1.0725365814918497,38.971944444444446,38.971944444444446,0.0,1.0,0.0,0.0,0.0,1.0,4.0,4.0,1.0,12.912638888888889,2.0,0.06959217364586762,0.07518796992481212,0.19793198752069296,0.03976143141153083,0.1092896174863389,0.2222222222222222,0.12269938650306761,0.0,0.09090909090909091,0.0,0.09693887530451603,0.1062350849366461,0.06726157278304523,0.09082454743771383,108,"Shipped 1 merged PR (avg cycle time 39h). Reviewed 4 PRs, across 2 contributors, unblocking 1 merge. Technical: 1 bug fix, 1 core-area touch. Strongest signal: reviewing & unblocking others."
feliperalmeida,0.0,0.0,0.0,0.0,0.0,0.0,0.0,0.0,0.0,0.0,1.0,1.0,0.0,0.0,1.0,0.0,0.0,1.0,0.0,0.027322404371584726,0.1111111111111111,0.0,0.0,0.0,0.0,0.2,0.035974499089253195,0.0,0.09079234972677597,109,"Reviewed 1 PR, across 1 contributor. Strongest signal: shipping code."
raquelmsmith,0.0,0.0,0.0,0.0,0.0,0.0,0.0,0.0,0.0,0.0,1.0,1.0,0.0,0.0,1.0,0.0,0.0,1.0,0.0,0.027322404371584726,0.1111111111111111,0.0,0.0,0.0,0.0,0.2,0.035974499089253195,0.0,0.09079234972677597,110,"Reviewed 1 PR, across 1 contributor. Strongest signal: shipping code."
Akash504-ai,0.0,0.0,0.0,0.0,0.0,0.0,0.0,0.0,0.0,0.0,3.0,3.0,0.0,0.0,0.0,0.0,0.0,1.0,0.0,0.08196721311475418,0.0,0.0,0.0,0.0,0.0,0.2,0.024590163934426253,0.0,0.08737704918032789,111,Reviewed 3 PRs. Strongest signal: shipping code.
officialasishkumar,0.0,0.0,0.0,0.0,0.0,0.0,0.0,0.0,0.0,0.0,3.0,1.0,0.0,0.0,0.0,0.0,0.0,1.0,0.0,0.08196721311475418,0.0,0.0,0.0,0.0,0.0,0.2,0.024590163934426253,0.0,0.08737704918032789,112,Reviewed 3 PRs. Strongest signal: shipping code.
christiaan-ph,2.0,2.0383366092878275,45.52,45.52,0.0,2.0,0.0,0.0,0.0,1.0,1.0,1.0,0.0,89.71638888888889,0.0,0.13225868255698786,0.15037593984962425,0.06316873718979465,0.0,0.027322404371584726,0.0,0.24539877300613522,0.0,0.09090909090909091,0.0,0.12387587067134014,0.008196721311475417,0.11634132738427228,0.08691176287726037,113,"Shipped 2 merged PRs (avg cycle time 46h). Reviewed 1 PR. Technical: 2 bug fixes, 1 core-area touch. Strongest signal: shipping code."
xljones,0.0,0.0,0.0,0.0,0.0,0.0,0.0,0.0,0.0,0.0,1.0,1.0,0.0,0.0,0.0,0.0,0.0,1.0,0.0,0.027322404371584726,0.0,0.0,0.0,0.0,0.0,0.2,0.008196721311475417,0.0,0.08245901639344264,114,Reviewed 1 PR. Strongest signal: shipping code.
yazan-abu-obaideh,0.0,0.0,0.0,0.0,0.0,0.0,0.0,0.0,0.0,0.0,1.0,1.0,0.0,0.0,0.0,0.0,0.0,1.0,0.0,0.027322404371584726,0.0,0.0,0.0,0.0,0.0,0.2,0.008196721311475417,0.0,0.08245901639344264,115,Reviewed 1 PR. Strongest signal: shipping code.
ordehi,2.0,2.451930827724502,78.11375,78.11375,0.0,0.0,0.0,0.0,0.0,2.0,2.0,1.0,0.0,74.13972222222222,0.0,0.15909498927608945,0.15037593984962425,0.0,0.0,0.05464480874316945,0.0,0.0,0.0,0.18181818181818182,0.0,0.124660276592932,0.016393442622950834,0.03636363636363637,0.06569123433314897,116,Shipped 2 merged PRs (avg cycle time 3.3d). Reviewed 2 PRs. Technical: 2 core-area touches. Strongest signal: shipping code.
aspicer,2.0,3.2158317946274346,55.58555555555556,55.58555555555556,1.0,0.0,0.0,0.0,0.0,1.0,0.0,0.0,0.0,0.0,0.0,0.2086611576048282,0.15037593984962425,0.0,0.0,0.0,0.0,0.0,0.0,0.09090909090909091,0.0,0.14944336075730136,0.0,0.018181818181818184,0.065231889757466,117,Shipped 2 merged PRs (avg cycle time 2.3d). including 1 complex cross-directory change. Technical: 1 core-area touch. Strongest signal: shipping code.
MarconLP,1.0,1.0,67.75166666666667,67.75166666666667,0.0,1.0,0.0,0.0,0.0,1.0,2.0,2.0,1.0,0.19166666666666668,1.0,0.06488559443731799,0.07518796992481212,0.0,0.03976143141153083,0.05464480874316945,0.1111111111111111,0.12269938650306761,0.0,0.09090909090909091,0.0,0.05499918819610263,0.06206386453591749,0.06726157278304523,0.06079730647412987,118,"Shipped 1 merged PR (avg cycle time 2.8d). Reviewed 2 PRs, across 1 contributor, unblocking 1 merge. Technical: 1 bug fix, 1 core-area touch. Strongest signal: technical health (bugs, infra, refactors)."
